Observed,Trend,Ssnl12,Ssnl14,Residual
315.71,314.9278295989348,0.8208848672123971,-0.04800594974604402,0.009291483598815375
317.45,314.99635166078804,2.0058503141257322,0.290295750835301,0.15750227425093044
317.5,315.06456929684697,2.7298843056193993,-0.21383453618191658,-0.08061906628444149
315.68,315.13238609222276,1.7521391733209162,-0.7081793772462835,-0.49634588829741233
315.86,315.1997603163413,0.8505216620357584,-0.13059593825427934,-0.059686040122812756
314.93,315.266843839592,-0.675044393712494,-0.0002439282430226101,0.33844448236351354
313.2,315.3338837971992,-2.401637588301264,0.25714712718326826,0.010606663918792947
313.27,315.4011028024851,-2.6048870880465116,0.2115794352801381,0.26220485028119356
313.33,315.4687458488197,-1.9472520059538465,-0.08710881209187522,-0.10438503077403993
314.67,315.53705064072,-0.8872359900597624,-0.07119194400991713,0.09137729334969436
315.62,315.6063396814933,-0.15775887408077255,0.08299962299453921,0.08841956959298614
316.38,315.6769380278109,0.41662360673336796,0.09908723213191666,0.1873511333238298
316.71,315.74820056316696,0.9015167386374598,0.138404298709781,-0.07812160051418005
317.72,315.81906444329786,2.059954034030593,0.14623191701549432,-0.30525039434388646
318.29,315.8878456559065,2.7569899428425457,-0.055565983465234,-0.29926961528383345
318.15,315.9558373612207,1.8705243498418334,0.24818292502207012,0.07545536391535279
316.54,316.02710350654536,0.8663571571766348,-0.1965745905350821,-0.15688607318691083
314.8,316.10506658173193,-0.7891475694784436,-0.6164813472562843,0.10056233500279177
313.84,316.19018908118625,-2.4857758516114945,-0.10296549691088197,0.2385522673361038
313.26,316.2797629323396,-2.708157784173014,-0.005982307169510191,-0.3056228409971027
314.8,316.37025847807894,-1.9466648320860835,0.23698125341046875,0.13942510059666802
315.58,316.45969199157224,-0.915903949241795,0.19151231303015884,-0.15530035536062314
316.43,316.54583224215827,-0.14037164795585497,-0.0713491680903363,0.09588857388797578
316.97,316.6263420775337,0.4423601976612671,-0.06768607046362154,-0.031016204731372454
317.58,316.69862562653236,0.9790415359389727,0.06868945028055523,-0.1663566127518834
319.02,316.7625208963809,2.113592219275353,0.08985264125280641,0.05403424309088223
320.03,316.82104089592224,2.7758385379712096,0.1272846759409736,0.3058358901655538
319.59,316.8774794227441,1.9796112844333131,0.12567831968513207,0.6072309731374617
318.18,316.9341356629355,0.8808402334852944,-0.06455522729313097,0.42957933087234323
315.91,316.9916311996157,-0.8951999030834189,0.20678374764364754,-0.3932150441759177
314.16,317.0484260754798,-2.5647471818419683,-0.18235305577236988,-0.14132583786545183
313.83,317.1028326880882,-2.809144665302833,-0.5292092924206913,0.06552126963532601
315.0,317.1544654068936,-1.9448759272655272,-0.07513870425118441,-0.1344507753769335
316.19,317.2042607217852,-0.9444853428347145,-0.010847720277336726,-0.05892765867315575
316.93,317.2547738447237,-0.12358298761180593,0.21604143371404552,-0.4172322908258934
317.7,317.3088328884472,0.46987337742358354,0.17097582643100712,-0.24968209230183902
318.54,317.36875532571986,1.0527383593357102,-0.056024925170114065,0.17453124011456111
319.48,317.43628679582275,2.16619254914757,-0.0637017294096505,-0.058777615560643426
320.58,317.5116429387972,2.7899809545547996,0.05626691672364798,0.22210918992436746
319.77,317.5924460818335,2.0854886216022868,0.08347047564648052,0.00859482091772179
318.57,317.67441224714537,0.8975353329589014,0.11863121066976046,-0.12057879077406142
316.79,317.7546843610051,-0.9976848899722186,0.10635846227680996,-0.07335793330969409
314.8,317.8332457786717,-2.641344501516764,-0.07427879538846487,-0.31762248176647745
315.38,317.90978267872987,-2.9078677091551715,0.16543552792068253,0.21264950250463244
316.1,317.9839964609993,-1.9413698675260123,-0.17045028184595143,0.2278236883726663
317.01,318.0549694115725,-0.9716642524805864,-0.4451955141293234,0.37189035503740797
317.94,318.1224326471897,-0.11099507242373674,-0.047878585208523235,-0.02355898955744351
318.56,318.1870543155528,0.4953890396007888,-0.015091560353026758,-0.10735179480059287
319.68,318.25001428085693,1.1248142762240825,0.19383952456443182,0.11133191835455136
320.63,318.3111850176087,2.2190963197806455,0.14919501560445977,-0.049476352993792716
321.01,318.36961833728515,2.8035371949391,-0.04145645370787497,-0.12169907851637163
320.55,318.42498270115976,2.1871239762449837,-0.059397428007353946,-0.00270924939741235
319.58,318.47842299905227,0.9170838217337403,0.04638980788268965,0.13810337133128314
317.4,318.5312073431381,-1.098127377484706,0.07925906580748662,-0.11233903146086277
316.26,318.58378869043446,-2.7189146532412463,0.1121727906574665,0.2829531721493481
315.42,318.6365807240036,-3.0023843804932917,0.08773646419920386,-0.30193280770947695
316.69,318.68822000779795,-1.9353757786020662,-0.08456623274978525,0.021722003553918512
317.69,318.73684160997374,-0.9932932894830458,0.12438837851232734,-0.17793669900299847
318.74,318.780963732954,-0.10113406186022349,-0.1593009155023323,0.21947124440862353
319.08,318.82182281035153,0.5185027035472509,-0.3635845324965424,0.10325901859772557
319.86,318.8624743153194,1.2006920729029011,-0.022060381067178655,-0.18110600715505143
321.39,318.90535972625804,2.2851780569568754,-0.01835108240087279,0.21781329918599113
322.25,318.9526966455854,2.8096780724780728,0.17090665608380598,0.3167186258527863
321.47,319.00471191079055,2.2459361398871556,0.1263331854856277,0.09301876383671015
319.74,319.0594685005795,0.9313140604314222,-0.028730007678667027,-0.22205255333221885
317.77,319.1143352137566,-1.172598922500704,-0.05475952513170602,-0.11697676612419627
316.21,319.1668702856748,-2.7879948008634097,0.03912616755725725,-0.20800165236863677
315.99,319.2156472422749,-3.0806255022612805,0.07620117649677143,-0.22122291651038495
317.12,319.2612685285878,-1.9293469001956929,0.10713790194059952,-0.3190595303326518
318.31,319.30564781830276,-1.0012716050122759,0.06871023058430908,-0.0630864438747949
319.57,319.3504981852045,-0.0718220601085345,-0.09454689976140808,0.3858707746654204
320.24,319.39582112689243,0.560696162891561,0.0841618200370424,0.19932089017896715
320.91,319.4407584145588,1.2296048445811123,-0.14720078357715932,0.3868375244372828
321.58,319.48519750459343,2.343610631985842,-0.28489404765372506,0.03608591107445136
322.25,319.5274756298458,2.783402139196886,0.001448871491443629,-0.06232664053413828
321.89,319.5648441985295,2.227855155635814,-0.019468339486775777,0.11676898532141422
320.44,319.59515991825805,0.9111156868918424,0.1481582538789782,-0.21443385902887258
318.7,319.618889748632,-1.1825008424293284,0.1036212201630074,0.15998987363428796
316.7,319.6389799229926,-2.8122934731994613,-0.019089312156344594,-0.10759713763678747
316.79,319.65865916641206,-3.137149245397429,-0.049511263823192105,0.31800134280859993
317.79,319.6821173111026,-1.924616491294284,0.03364166305898406,-0.0011424828672943477
318.71,319.7130249580966,-0.9729156927196361,0.0733065016399452,-0.10341576701688382
319.44,319.7534434287798,-0.029349065841534405,0.10136425722262452,-0.3854586201608754
320.44,319.80218628972426,0.5913933109856824,0.04843557595871892,-0.0020151766686353767
320.89,319.8576346686084,1.2335671615299793,-0.10282541562737266,-0.09837641451105128
322.13,319.9187095835932,2.3703552808575092,0.04661237545246965,-0.20567723990319564
322.16,319.9859917625363,2.757998158506969,-0.13304945576021268,-0.45094046528299714
321.87,320.06144270746677,2.217658664898422,-0.21214464831395935,-0.19695672405123332
321.39,320.14671847989024,0.8978368127201511,0.02273547023296535,0.32270923715663
318.81,320.24310963089783,-1.190467544847755,-0.01641968709073033,-0.2262223989593508
317.81,320.34994381306996,-2.8232379063311885,0.12661468686553873,0.15667940639571043
317.3,320.46524754140256,-3.16510708036441,0.08435808880335484,-0.08449854984149852
318.87,320.58420050033124,-1.9360231045958132,-0.01279118454446481,0.2346137888090425
319.42,320.70173943490784,-0.9381682281445619,-0.04228954257190683,-0.3012816641913787
320.62,320.81483012585284,-0.018976689020563056,0.028798858794772335,-0.20465229562705645
321.59,320.9230898612083,0.593187624228335,0.07098646955265231,0.002736045010635735
322.39,321.0268116631063,1.2447366735769783,0.09236017178257917,0.026091491534145916
323.87,321.12622699539384,2.378802568790726,0.026335946907245222,0.33863448890821246
324.01,321.2216533236505,2.7402145253982058,-0.11150034617251812,0.1596324971238232
323.75,321.3140599116337,2.205320870837087,0.018552839727698296,0.2120663778014773
322.39,321.4036223202074,0.9087277664030242,-0.12446345052590733,0.20211336391548684
320.37,321.4881938624952,-1.1947453000158275,-0.16398371496558795,0.2405351524861885
318.64,321.56558178536653,-2.8218875446778604,0.04493096164151155,-0.1486252023302086
318.1,321.63409204997515,-3.164176251317062,-0.004338862681879123,-0.3655769359761507
319.79,321.6939890929482,-1.9486706114613372,0.10768742604705753,-0.06300590753386359
321.08,321.7477520206162,-0.904756307588819,0.07568115911127568,0.16132312786129432
322.07,321.8000262367528,-0.029074025832079672,-0.009311026900842859,0.30835881598011383
322.5,321.85514247731584,0.5822201236076392,-0.03127945531246087,0.09391685438902186
323.04,321.9146015987494,1.2566009546345487,0.02254825479489721,-0.1537508081788701
324.42,321.97790938350624,2.376365635214009,0.07732737393873103,-0.011602392658971894
325.0,322.0435003105974,2.7178502514201357,0.08116669067998562,0.15748274730248113
324.09,322.1097523727093,2.1836730047223556,0.003923147189063373,-0.2073485246207838
322.55,322.1751846510213,0.9205212063147212,-0.11714322675234949,-0.42856263058365585
320.92,322.23931896246694,-1.184568383057507,0.019516145506977462,-0.15426672491639692
319.31,322.3029897639147,-2.8098304990955927,-0.12076053216286624,-0.06239873265622009
319.31,322.3688040932249,-3.1511981749456606,-0.1506179900154632,0.24301207173618877
320.72,322.43988408732247,-1.9615300639412436,0.059696137061516386,0.18194983955731914
321.96,322.5172456762001,-0.8719693587569988,0.004327346862206158,0.31039633569463376
322.57,322.599822011164,-0.014706835202282128,0.08675641348686375,-0.1018715894485922
323.15,322.68616465763535,0.5766684768772832,0.0553284310954577,-0.16816156560810214
323.89,322.77543725018774,1.2438189700397497,-0.02010509678699312,-0.10915112344048339
325.02,322.86711873106776,2.35182493232371,-0.02094814916666774,-0.17799551422484683
325.57,322.9610685179158,2.717318427282624,0.02551971429152226,-0.13390665948998048
325.36,323.05739551418884,2.1625680964784157,0.09591752433398643,0.04411886499877937
324.14,323.15813840173354,0.9027870211659557,0.0817317189459713,-0.002657141845475053
322.03,323.2660451389845,-1.1687724736795786,-0.006680494927972269,-0.06059217037699227
320.41,323.38286860971346,-2.8159204458926483,-0.11903590358019624,-0.03791226024060279
320.25,323.50808614742965,-3.1228322637932577,0.023568323659832423,-0.15882220729622532
321.31,323.6395704812459,-1.9751137604375248,-0.11648049055686545,-0.23797623025154735
322.84,323.7738067956126,-0.8390887051815537,-0.12886354157100421,0.034145451139920624
324.0,323.9070206521946,0.010414426724205204,0.0689745238923467,0.01359039718886379
324.42,324.0367495549275,0.5855311992708736,0.013755205134624138,-0.21603595933294173
325.64,324.1623247547262,1.2175944709289872,0.06891324961220657,0.19116752473257748
326.66,324.2848440232586,2.3233533742478594,0.028264358665133882,0.023538243828454597
327.34,324.40608666488595,2.7371978784563606,-0.04038912186682235,0.23710457852450872
326.76,324.5269594063431,2.1411958554819543,-0.021736754200673922,0.11358149237560156
325.88,324.6455024180223,0.8622097619310336,0.033195189681622245,0.33909263036503035
323.67,324.75919064449505,-1.1508871897772248,0.1106003076206718,-0.048903762338454726
322.38,324.8659648613975,-2.828844558293635,0.0828767033449407,0.2600029935511543
321.78,324.96516328130554,-3.071644358365524,-0.024944405080299333,-0.08857451785974035
322.85,325.0573425925866,-1.973541668713665,-0.11917245722003675,-0.11462846665290272
324.11,325.14385705524137,-0.8353008817318986,0.029655855356721956,-0.22821202886620995
325.03,325.225445407693,-0.00849807010966972,-0.1070561129549745,-0.07989122462834075
325.99,325.3038200608015,0.5963714451717254,-0.10323310789376311,0.19304160192052677
326.87,325.3816553259641,1.1952812559310457,0.07101134667382769,0.222052071431051
328.13,325.4596301406069,2.2993959509647124,0.03663174481064823,0.33434216361774816
328.07,325.53682723073246,2.761314863310429,0.06625272321205111,-0.294394817254954
327.66,325.6101619574679,2.129608416831416,0.008994191829829367,-0.08876456612910033
326.35,325.6778443199977,0.8570035888610693,-0.06954350576918365,-0.11530440308956713
324.69,325.7397281776745,-1.114544950809621,-0.03321819314214403,0.09803496627722552
323.1,325.7971008484751,-2.817891742890783,0.04760692375200882,0.07318397066364923
323.16,325.85107894055943,-3.025880095145585,0.11380916282193718,0.22099199176420825
323.98,325.9028927022363,-1.9675817260926116,0.07794565185162435,-0.033256627995285726
325.13,325.954603296049,-0.8957246921088575,-0.05696742457982243,0.12808882063961846
326.17,326.008658787792,-0.07242993326780932,-0.1122509473998467,0.3460220928756712
326.68,326.0663701099524,0.6151405405086509,0.03339712140937987,-0.03490777187045069
327.18,326.12686253711945,1.1857431302550625,-0.09236382842417573,-0.040241838950294095
327.78,326.1882600107976,2.3016184793431034,-0.09072974337635852,-0.619148746764381
328.92,326.2485020889845,2.7935082846671797,0.06560081440474566,-0.18761118805633714
328.57,326.3093370149203,2.1302592285726885,0.07479922904355872,0.05560452746345845
327.34,326.3730974665659,0.8693632058473186,0.08066196871841724,0.016877358868327974
325.46,326.4406838008054,-1.0761451677888156,0.0039019017190272494,0.09155946526436765
323.36,326.51181493043555,-2.8143180649550565,-0.10116648886341403,-0.23633037661704748
323.57,326.58619849821395,-3.0054468116686284,-0.04942851802150669,0.03867683147615253
324.8,326.66467611607544,-1.9731414329367682,0.0640669021556685,0.04439841470565398
326.01,326.74955473495515,-0.971159942725869,0.10716670034040673,0.12443850743028406
326.77,326.8430792828121,-0.11898890675952291,0.06060970575901588,-0.014700081811611199
327.63,326.9456692980275,0.6498624226549835,-0.08827150399141462,0.12273978330892987
327.75,327.05693381090435,1.1844896523007158,-0.08894825555195228,-0.40247520765313993
329.72,327.1766106682134,2.3193716004865625,0.03450479375461366,0.1895129375454303
330.07,327.3058472322918,2.8334796079966478,-0.07750072383485496,0.008173883546419347
329.09,327.444696495213,2.136186051577338,-0.09550098307325555,-0.3953815637171374
328.05,327.592648106275,0.8620845542603545,0.05171172860045279,-0.4564443891358678
326.32,327.74975203181305,-1.065637755453492,0.11452957841428792,-0.47864385477384985
324.93,327.91689729295996,-2.836914834151927,0.09991988403857277,-0.24990234284661028
325.06,328.09604708719206,-3.0042439124740006,0.01296057938233654,-0.04476375410035871
326.5,328.2869644083148,-1.9809528541943962,-0.1272978738269544,0.3212863197065303
327.55,328.48630255230097,-1.0169396071299495,-0.06217359530172361,0.14281065013068428
328.54,328.6881959789389,-0.14597669950494654,0.0777785688676076,-0.07999784830150247
329.56,328.8851813340607,0.6759725393235376,0.09232544353211126,-0.09347931691632994
330.3,329.070497532767,1.2049024961971715,0.03623698950138562,-0.01163701846553522
331.5,329.2405920813836,2.3592055890791364,-0.1070094824837813,0.007211812021012065
332.48,329.3926949335973,2.886514993180312,-0.055993810550364,0.2567838837728118
332.07,329.5259712713956,2.147495772821167,0.03442865712365306,0.36210429865957394
330.87,329.6420520021092,0.857450054574684,-0.07221032063379249,0.4427082639499531
329.31,329.7433987577511,-1.0983648250711642,-0.10397154382873623,0.7689376111487718
327.51,329.8324973029465,-2.8831735174724678,0.03425557039088935,0.5264206441351007
327.18,329.9104379235795,-3.039368793350998,0.14016558254902636,0.16876528722252715
328.16,329.97683806330815,-2.0047449116948424,0.11681851740031708,0.07108833098641298
328.64,330.03059435664323,-1.0412577960085585,0.027362037630547714,-0.37669859826525
329.35,330.07148131461736,-0.16046445560412576,-0.14096042449698587,-0.4200564345161979
330.71,330.1019292418198,0.6547243032502277,-0.06945438296371476,0.022800837893669268
331.48,330.1268095051517,1.2707041397675753,0.0827940454015818,-0.0003076903208238946
332.65,330.1515634802957,2.420075171348291,0.06798364085444676,0.010377707501561417
333.2,330.18068085812786,2.952583496649727,0.01560328016997863,0.05113236505246732
332.16,330.2170321055255,2.1797778630354934,-0.11399043336304104,-0.12281953519794797
331.07,330.2620644828307,0.880468975078963,-0.02517127348078034,-0.04736218442883455
329.12,330.31577736831,-1.1546481141154643,0.034600882244845095,-0.07573013643940385
327.32,330.37585410596404,-2.9270994905758734,-0.07263375947588328,-0.05612085591229743
327.28,330.4400121837272,-3.0996198360027667,-0.09733613993636171,0.03694379221190047
328.3,330.50722731077053,-2.052637556112317,0.02169367644927763,-0.17628343110749256
329.58,330.5773205875672,-1.0690888404615084,0.1529018864759008,-0.08113363358160086
330.73,330.65149100573467,-0.1560204200662385,0.12926258564881343,0.10526682868277248
331.46,330.73073048573235,0.6090435147013961,0.039201691620444776,0.08102430794576776
331.9,330.8144574182018,1.3825727182807823,-0.14474697174468393,-0.15228316473792347
333.17,330.9019087917254,2.4885086214657535,-0.06553026933402435,-0.1548871438571382
333.94,330.9919578582659,2.9817920556594624,0.08242881213877845,-0.11617872606416313
333.45,331.08358779655094,2.233213599664398,0.038747973859227576,0.09445062992540443
331.98,331.1756078814892,0.8999861252147382,0.002841185734355389,-0.09843519243833043
329.95,331.26616169688367,-1.210108697642284,-0.11917299657719345,0.013119997335820699
328.5,331.3541132351725,-2.975363631969162,-0.009264324920824258,0.1305147217174749
328.35,331.43839895300783,-3.1593091448036263,0.021335501139378217,0.04957469065641362
329.37,331.5181438027495,-2.1154152627275864,-0.08150890696702547,0.04878036694515231
330.48,331.5934794166411,-1.08388794569916,-0.0778829743441539,0.04829150340219712
331.59,331.6652728791575,-0.1168329799175048,0.01809593785917631,0.023464162900779684
332.75,331.7349997966362,0.5645172814561359,0.16172407540880168,0.2887588464988653
333.52,331.8044046392825,1.5149160759141973,0.13746064002140013,0.06321864478189809
334.64,331.87516329148883,2.5303323443908585,0.049058123681445236,0.18544624043886415
334.77,331.9498049126782,2.9655377647599797,-0.13675769448620168,-0.008584982951958864
334.0,332.03064325669794,2.30510194129401,-0.051504785331926255,-0.28424041266003996
333.06,332.1196987382069,0.8913901574881823,0.08652405036545523,-0.037612946060562535
330.68,332.21852059792354,-1.2655760027260146,0.011539238145279579,-0.284483833342847
328.95,332.32784942641615,-3.038119347375686,-0.001818694526561008,-0.3379113845139159
328.75,332.44707689349536,-3.2068686959550448,-0.1234799018067977,-0.3667282957335374
330.15,332.576104351742,-2.1666552204702603,-0.005968880342117133,-0.25348025092966964
331.62,332.7154734603071,-1.0694032129035034,-0.007889225648724803,-0.01818102175485592
332.66,332.86551394572393,-0.06687435564502191,-0.0985653573046524,-0.0400742327742023
333.13,333.0257581651871,0.5307069263793377,-0.05891793432139346,-0.3675471572449851
334.95,333.1943828917178,1.6286920898375448,0.015078751042225674,0.1118462674024272
336.13,333.36851532982985,2.567017179723448,0.16368056392743535,0.030786926519283497
336.93,333.5447399271507,2.9447411312628806,0.13176445764095518,0.30875448394544946
336.17,333.71988768361655,2.375907468713379,0.059631334275536664,0.014573513394566362
334.88,333.8909869773216,0.8504116840105531,-0.1136639863114328,0.2522653249793052
332.56,334.0556266380666,-1.3318464353839914,-0.029365395560076356,-0.13441480712253906
331.29,334.21276222203716,-3.1013864009595413,0.0991165250535362,0.07950765386885905
331.27,334.3627485469174,-3.2445551484274606,-0.005203740202115285,0.15701034171217998
332.41,334.50588504568753,-2.1840194244785214,0.0016814206814975904,0.08645295810953257
333.6,334.6419762747364,-1.044220610506129,-0.12006433732837057,0.12230867309807536
334.95,334.77075459275807,-0.03815774871538152,-0.010298184240030823,0.22770134019731358
335.25,334.89301489813755,0.5103048010914509,-0.04423529372712961,-0.10908440550190335
336.66,335.0108591894257,1.7101147072519287,-0.10991259403267481,0.048938697355083605
337.69,335.12591000340757,2.598384898203313,-0.050345342257648994,0.016050440646722564
338.03,335.23945625696075,2.946073426465305,0.006738103434051409,-0.16226778686012722
338.01,335.35137019217046,2.4400434135991658,0.15457067710515512,0.06401571712524401
336.41,335.4614692751005,0.812060868744562,0.10864604916982899,0.027823806985168176
334.41,335.5703363098483,-1.3856304354721727,0.06949728819667005,0.15579683742726047
332.37,335.6793193213382,-3.151821443625462,-0.08119702683527923,-0.07630085087743055
332.41,335.78942774892073,-3.273298221514451,-0.002607339944920096,-0.10352218746135122
333.75,335.9012344676142,-2.1772387915093714,0.10698368396634143,-0.08097936007118278
334.9,336.015581131585,-1.0309924176544223,-0.008663285439247584,-0.07592542849135953
336.14,336.1331139703641,-0.03940290111401938,0.008954683888690187,0.03733424686123499
336.69,336.2544643543961,0.5086656941239114,-0.1011847876891262,0.0280547391691357
338.27,336.38021226014627,1.7412751554535548,-0.019768097657326355,0.1682806820575138
338.95,336.5100212592586,2.6172118444799564,-0.07389192672440434,-0.10334117701421519
339.21,336.6440145963203,2.9686042571826836,-0.10091902650707477,-0.30169982699590037
339.26,336.78265917457253,2.489152489699173,-0.055701159129720484,0.043889494858035505
337.54,336.9259454137353,0.7883059721224623,-0.01090930263345311,-0.16334208322427912
335.75,337.073589209892,-1.4073778478958305,0.12876743995806475,-0.04497880195424386
333.98,337.22457847425886,-3.187290196276614,0.07551954699512897,-0.13280782497736254
334.19,337.37912299556893,-3.288176092284133,0.07751834836604077,0.021534748349154142
335.31,337.53821482272707,-2.167170609258215,-0.04545590504320744,-0.015588308425662945
336.81,337.70192494202115,-1.0239271465000712,0.025890070212929297,0.10611213426597033
337.9,337.8688316516994,-0.05990527765863531,0.10756522771101351,-0.016491601751795315
338.34,338.0357552574525,0.5345840719972894,-0.005683050876535456,-0.22465627857326353
340.01,338.1995100660627,1.6962167128933676,0.014355965142853649,0.09991725590106171
340.93,338.3586452448777,2.6150942825796535,-0.07385473014423316,0.030115202686829434
341.48,338.5131563982713,2.999275149417346,-0.03898781232990119,0.006556264641233156
341.33,338.6634953202305,2.5243818036922487,-0.0859739458615601,0.22809682193883418
339.4,338.80929698046384,0.7736732472112786,-0.07483580140292373,-0.10813442627221548
337.7,338.9501759577363,-1.3932139973208004,-0.05706319525947945,0.20010123484399855
336.19,339.08544713125815,-3.209843279802399,-0.032261679350958056,0.3466578278951715
336.15,339.21385989739326,-3.2925352369515273,0.08558162303541374,0.14309371652285563
337.27,339.33441823477244,-2.15457972036765,0.045853875693094154,0.04430760990209137
338.32,339.44718410463116,-1.0034960923154814,0.07295567065945201,-0.1966436829751501
339.29,339.55347817239584,-0.08698944568796523,-0.013549908792790225,-0.16293881791506237
340.55,339.6558592702179,0.579951133284337,0.055530367381634374,0.25865922911617645
341.61,339.75761840544675,1.6220841274435882,0.1046934882673647,0.12560397884232088
342.53,339.86069402355963,2.5949510317944258,-0.008904267706724476,0.08325921235262967
343.03,339.9663759422858,3.041303188686557,0.011975440053236707,0.01034542897434676
342.54,340.07529815263314,2.531806757579685,-0.04910471233961269,-0.01800019787316387
340.78,340.1871703337677,0.7651959632989548,-0.05681189804441996,-0.11555439902224407
338.44,340.3011701713092,-1.3701151236590363,-0.08189776485542685,-0.40915728279469477
336.95,340.41562367545055,-3.2354405146207816,-0.03966051693429203,-0.1905226438954628
337.08,340.5284713487412,-3.303281991795307,-0.03946109489684984,-0.1057282620490696
338.58,340.6387913870695,-2.1407576362395377,-0.044387638292464365,0.12635388746247145
339.88,340.7470445249216,-0.9623931524848798,0.03905644960044918,0.05629217796285957
340.96,340.8545562716706,-0.11776785553980931,0.025964540277471453,0.19724704359168754
341.73,340.9620583449079,0.6125620634854388,0.04963654212887803,0.10574304947778046
342.81,341.0687561759175,1.5636267653737523,-0.0004244252743534462,0.17804148398312236
343.97,341.1738020414252,2.57340890575084,0.0861763654282747,0.13661268739571142
344.63,341.27552793762163,3.098364948783206,0.0994945162291044,0.1566125973660064
343.79,341.3740163790946,2.5122182110442126,-0.015702134607555953,-0.08053245553122679
342.32,341.4707965394759,0.759419709310872,0.001974220088328329,0.08780953112494672
340.09,341.5686256240317,-1.3587943856440718,-0.03213076603749927,-0.08770047235020684
338.28,341.6714124395572,-3.238816818577634,-0.06563006825533015,-0.08696555272427986
338.29,341.7825424074732,-3.317800391659472,-0.06993847052939349,-0.10480354528431235
339.6,341.9035421827706,-2.1237746774901796,-0.004277812666363582,-0.1754896926140077
340.9,342.0342598953131,-0.9125437814562087,-0.011395104912742239,-0.21032100894410632
341.68,342.1737147947783,-0.12839124115496944,-0.05038156298003739,-0.31494199064326267
342.9,342.32070536767,0.614980231269592,0.000733324950088741,-0.03641892388969836
343.33,342.47428073420315,1.4931926861109015,0.021186429547617423,-0.6586598498616922
345.25,342.632873572341,2.560849427614522,0.018141307138611357,0.03813569290588248
346.03,342.7945000083831,3.14468157677334,-0.003695553564671095,0.0945139684081937
345.63,342.95669406000235,2.4853031134099055,0.10818801325629661,0.07981481333143847
344.19,343.1179405487874,0.7614875751263536,0.08594361589806422,0.22462826018818305
342.27,343.27695777118356,-1.3557064869417002,-0.02169608670053944,0.37044480245867817
340.35,343.4328722648894,-3.20544882569683,-0.012012282504084803,0.1345888433115192
340.38,343.58398986787506,-3.332213217156968,-0.021087323016927007,0.1493106722987818
341.59,343.7276094834624,-2.1132892952617124,-0.06650842894883194,0.0421882407481462
343.05,343.8623923688403,-0.8782662375707518,-0.0511612693931829,0.11703513812364008
344.1,343.98887827452035,-0.10894740781102624,0.02719780716569043,0.1928713261249868
344.79,344.10899149184706,0.5978501831043239,0.013006332614275707,0.07015199243437564
345.52,344.22441963646435,1.4154472872587156,-0.05131683614780309,-0.06855008757526093
346.58,344.33855704601285,2.5512058655297984,-0.015356411868556519,-0.2944064996741531
347.63,344.4547401263788,3.161725432167758,0.030942378655710947,-0.017407937202278845
346.97,344.5743113401276,2.458233860635547,-0.01624656776324027,-0.04629863299993531
345.53,344.69735880798174,0.7716617184663853,-0.01205181390444559,0.07303128745633103
343.55,344.82245393048373,-1.3507334079745958,0.10593366329647018,-0.027654185805602083
341.4,344.9474280833717,-3.1625657628221835,0.06058980462685693,-0.44545212517635946
341.67,345.0719630319857,-3.3340905648173806,-0.026387097421208074,-0.04148536974713579
343.1,345.19661315977913,-2.113892402938566,-0.02798110545377182,0.04526034861322614
344.7,345.321598754044,-0.8661083365168423,-0.013833188771464814,0.2583427712443154
345.21,345.4466016155313,-0.07448221763074511,-0.05901271528255696,-0.10310668261797673
346.16,345.57075336292183,0.5840749614738864,-0.024380183243571905,0.029551858847867152
347.74,345.69289724575657,1.3672337611731813,0.04977956920411647,0.6300894238661385
348.34,345.8120152134372,2.5457457665723093,0.023290095355817653,-0.04105107536531705
349.06,345.9271239136737,3.1446621252782143,-0.04496760181167951,0.03318156285973828
348.38,346.03784231088935,2.4303190865245172,-0.005687082581298265,-0.08247431483255241
346.71,346.1441541515147,0.7835561709025683,0.0561574417395426,-0.2738677641568188
345.02,346.2467213927549,-1.3513433135112882,-0.044898004634269274,0.16951992539060257
343.27,346.34698488961743,-3.1280936859011126,-0.02092022938010705,0.07202902566376679
343.13,346.44749309574814,-3.3154084721467956,0.07707837849733022,-0.07916300209870997
344.49,346.55125447215465,-2.114581615204051,0.022797168983791458,0.030529974065586885
345.88,346.6596424409565,-0.8782715952616408,-0.03382888370537948,0.13245803801055445
346.56,346.77284825887693,-0.03505064405835767,-0.04104886647485284,-0.1367487483437344
347.28,346.89092662985934,0.5933715295127465,-0.008334716251783496,-0.19596344312031988
348.01,347.01315951028903,1.3641650095174382,-0.04207673007887917,-0.32524778972759805
349.77,347.1365268629746,2.5520029300531046,0.005143688229957052,0.07632651874229168
350.38,347.2597332972114,3.1091408960529967,0.06327002623217325,-0.05214421949659709
349.93,347.3832876949006,2.397286490512409,0.027643921273161953,0.12178189331382328
348.16,347.5091357347618,0.7782405786635972,-0.03772827045300515,-0.08964804297238516
346.08,347.6392883918177,-1.3785464625892654,0.02564610732594503,-0.20638803655435822
345.22,347.7743053992996,-3.1183503737990073,0.08748764509489063,0.47655732940455664
344.51,347.91432774112195,-3.292572293554313,-0.06073768508844005,-0.051017762479204976
345.93,348.0589220781684,-2.1059824750923184,-0.034602087922902994,0.01166248484685184
347.22,348.2066761183215,-0.8943015164024022,0.03648530154896408,-0.12885990346808285
348.52,348.3558584901106,-0.0010777507803719393,-0.019319137687379858,0.1845383983571196
348.73,348.50601546997086,0.6220159636816255,-0.04918546982224015,-0.3488459638302288
349.73,348.6582263357001,1.3951646688148758,-0.04699542048640778,-0.2763955840285348
351.31,348.8151749669978,2.5705218011216053,-0.008554091608188898,-0.06714267651125283
352.09,348.9786416902606,3.0898835659862534,-0.02047957295875268,0.041954316711894535
351.53,349.1493464558844,2.360465874452173,0.026844618473499587,-0.006656948810132235
350.11,349.3267260755877,0.7533722351951742,0.06459276112030989,-0.034691071903182547
348.08,349.5105725613419,-1.428441075879494,0.03467366254907737,-0.036805148011524125
346.52,349.70103030464065,-3.127656097191857,-0.03344122689651709,-0.019932980552312074
346.59,349.89606576044787,-3.274710951872732,0.06621826737100117,-0.0975730759461726
347.96,350.09397307857,-2.09344984039309,0.12017880726969385,-0.16070204544661237
349.16,350.2934225273279,-0.9104950647648741,-0.06742654438915958,-0.15550091817385692
350.39,350.4925827248976,0.007088831273611627,-0.054316915214896094,-0.05535464095635234
351.64,350.68923590464584,0.6487350397313312,0.000638858120018919,0.30139019750282614
352.41,350.8834318824623,1.4281983241399292,-0.05088382522987485,0.1492536186277107
353.69,351.0748471222239,2.614258185567826,-0.06924396544101864,0.07013865764929506
354.21,351.2618177085703,3.103341837057077,-0.04633510093512173,-0.10882444469228858
353.72,351.44280282617075,2.3487430456856373,-0.012589445502618557,-0.05895642635374543
352.69,351.616312476566,0.7244715406098321,0.00044927742756337087,0.34876670539659926
350.4,351.7817161665172,-1.4855868281550029,0.029939351199938322,0.07393131043789936
348.92,351.9390683903205,-3.168910769822087,0.05348882690269725,0.0963535525989414
349.13,352.0885981947683,-3.2663291103421037,0.04326126258606641,0.2644696529877706
350.2,352.23064642332207,-2.092041592057021,-0.02764127752520943,0.08903644626019513
351.41,352.3660371941102,-0.9301141255235487,0.10518698777721841,-0.13111005636386608
352.91,352.4957259866412,0.015217323131821656,0.15083343993984136,0.24822325028713976
353.27,352.6203429266018,0.6889914995194549,-0.06663024553011035,0.027295819408891475
353.96,352.73965270821077,1.4697627979547283,-0.07519026645227843,-0.17422523971322335
355.64,352.85447073031673,2.6522205050766563,-0.02511595152677457,0.15842471613336784
355.86,352.96576177152195,3.1321723852632752,-0.06822460158428505,-0.16970955520093867
355.37,353.07390244595763,2.367285361179521,-0.08084597205335779,0.009658164916174883
353.99,353.1795496104131,0.6873735329430172,-0.038165851298099615,0.16124270794199447
351.81,353.282232736047,-1.5374652601471503,-0.015319690105616734,0.08055221420579528
350.05,353.3823902478858,-3.2579870853615325,0.021193975811055924,-0.09559713833527894
350.25,353.48132110486006,-3.2614313846709275,0.008231754898374745,0.021878524912494868
351.49,353.5801221247108,-2.100085459033335,0.03530255559175431,-0.02533922126917787
352.85,353.6804022252302,-0.9381889370948395,0.04522375627883436,0.06256295558580405
353.8,353.78400421115106,0.04038414918032021,-0.02360026775317697,-0.0007880925782046688
355.04,353.89100368167,0.7308164663230627,0.13258575452474858,0.2855940974822033
355.73,353.9995937161213,1.5389894598189822,0.16830583242547384,0.023110991634268885
356.32,354.10807075364994,2.669828771831289,-0.05125691233322265,-0.40664261314805117
357.32,354.21650822290536,3.1618391482944754,-0.08142625674284104,0.023078885542986427
356.34,354.3268833961833,2.3896361290518287,-0.049739901210458605,-0.3267796240247094
354.84,354.440275942076,0.6248118599299138,-0.07958570348719397,-0.14550209851881846
353.01,354.55636964068157,-1.5747695726175417,-0.07842981109508793,0.1068297430310281
351.31,354.67410448650736,-3.3535621922790626,-0.020463578139618875,0.009921283911353385
351.62,354.7919356524169,-3.2704237413257706,-0.011455888620566292,0.10994397752943996
353.07,354.9083387539553,-2.1102354659114186,0.04220802291151401,0.2296886890446217
354.33,355.0218571294201,-0.9192644700015953,-0.02075216754180668,0.24815950812330811
354.84,355.13113483672424,0.07255899980362451,0.014923235693401869,-0.3786170722212887
355.73,355.23474712545914,0.7599716530321657,0.03578242557197546,-0.3005012040632664
357.23,355.33164499701064,1.6048706475082257,-0.02711115885528116,0.3205955143364463
358.66,355.42276098367114,2.6861780347325377,0.14693519874258776,0.40412578285372547
359.13,355.50966375804774,3.183828339488263,0.1580906935936817,0.2784172088702803
358.13,355.59318620226526,2.4011775365214088,-0.02154707722402849,0.15718333843739174
356.19,355.67469602720934,0.5552351290577268,-0.06706327513271335,0.02713211886566569
353.85,355.7552588226855,-1.6086874346782039,-0.07576226774032192,-0.22080912026694932
352.25,355.83398975082645,-3.4041017872739725,-0.09239681032481518,-0.08749115322763146
352.35,355.90970646261644,-3.2961387599517917,-0.06400301621746426,-0.19956468644716097
353.81,355.9808579652912,-2.1152500047149063,-0.0043353396109015955,-0.05127262096539198
355.12,356.04674120868657,-0.8933436023519454,-0.0038704401107389746,-0.02952716622388607
356.25,356.10777333265906,0.0935338466247038,0.05742470341800922,-0.008731882701795257
357.11,356.16665827668135,0.7720092021221032,-0.0389843487194393,0.21031686991602783
357.86,356.2262823765379,1.6572272029419004,-0.0006956497788512157,-0.022813929700930657
359.09,356.2861428884913,2.7038252363470976,0.014883542681677842,0.08514833247988918
359.59,356.34433619626844,3.192570464907682,-0.035082736725373535,0.0881760755491996
359.33,356.3989750426039,2.414124212589371,0.14633761591377786,0.37056312889296805
357.01,356.4496411249288,0.5123517613257693,0.13526933635575067,-0.08726222261032035
354.94,356.4967293189858,-1.6461224995740737,0.018116028675054352,0.07127715191319339
352.96,356.54089510130507,-3.407837300492815,-0.03826183261329525,-0.13479596819900053
353.32,356.58331544511645,-3.3304693411186737,-0.09259751897067582,0.1597514149728454
354.32,356.6259263460006,-2.118909497171612,-0.10505185011072579,-0.0819649987182629
355.57,356.670485965769,-0.8877438384461537,-0.044220673314659134,-0.16852145400815743
357.0,356.71888202868183,0.10540840526690522,0.005237193121218127,0.17047237293002127
357.31,356.77358985201056,0.7959577231550012,0.001731919793448947,-0.2612794949590125
358.47,356.8368854028458,1.6941307509701105,0.05950477269980961,-0.12052092651566682
359.27,356.9105533624559,2.7067455673522725,-0.04363626384414937,-0.3036626659641115
360.19,356.9954017364431,3.16865677351453,-0.00947938277423808,0.035420872816587234
359.52,357.0912725934064,2.420860225050169,-0.00761640817982696,0.015483589723260138
357.33,357.19633335294424,0.5175050588416871,-0.04873802561431822,-0.33510038617157534
355.64,357.30883632060613,-1.6618355628822634,0.1289507472224564,-0.1359515049463198
354.03,357.42797420848126,-3.398726702613113,0.11691698289234359,-0.11616448876054619
354.12,357.55381297555266,-3.351770313481899,0.0616954282412782,-0.1437380903120129
355.41,357.6858940889372,-2.12122759183141,-0.009295481560969812,-0.14537101554475385
356.91,357.82396066669935,-0.8869253235694996,-0.09486011058741514,0.06782476745758004
358.24,357.9677402430438,0.1297631602994292,-0.10442067296791181,0.24691726962470284
358.92,358.11612709009273,0.8196033725265743,-0.023266977539440493,0.007536514920161608
359.99,358.26822008431583,1.6800221834788462,0.011586837076013653,0.030170895129288056
361.23,358.4234870445415,2.703312992304011,-0.003158756401802245,0.10635871955628318
361.65,358.58159915597025,3.122089556554319,0.04884283838646565,-0.10253155091106692
360.81,358.741644455698,2.398082293527454,-0.04308128354097834,-0.2866454656845008
359.38,358.90275886881864,0.5558446413979038,-0.024677813593577607,-0.053925696622968644
357.46,359.0653876606316,-1.6469563434772763,-0.02336265636168209,0.06493133920730543
355.73,359.2295796434832,-3.4033474671887953,-0.07258292785682831,-0.02364924843755034
356.07,359.394888448016,-3.36239486379542,0.09496285788389824,-0.05745644210446699
357.53,359.562499661767,-2.125109566217794,0.11285408184618696,-0.020244177395397855
358.98,359.7331426508113,-0.858286613358329,0.10235568777904185,0.002788274767965504
359.92,359.9061499106851,0.15681070455195467,0.017528949611975514,-0.16048956484900145
360.86,360.0792295880994,0.8364272659007166,-0.08106904048187408,0.025412186481730714
361.83,360.2511030293174,1.643780318954944,-0.0875784330903404,0.022695084817996758
363.3,360.42190576562274,2.689986636290545,-0.005486745318999772,0.1935943434057208
363.69,360.59190015160374,3.0640344110595907,0.01624194578275638,0.01782349155388374
363.19,360.7599946898054,2.3331684845028393,-0.013533396020713042,0.1103702217124578
361.64,360.92527674289,0.6157522044994013,0.03734039173325685,0.06163066087731295
359.12,361.0873082089241,-1.60307356043832,-0.04642439607923968,-0.31781025240655936
358.17,361.2460827657179,-3.4094364967667614,-0.043170772256127046,0.3765245033050064
357.99,361.4021325370698,-3.3561764800990543,-0.03266641501309366,-0.02328964195766048
359.45,361.55527793306334,-2.1192218396949367,-0.09923356246766249,0.11317746909924153
360.68,361.7047771225407,-0.8089995915490792,0.05021440587355264,-0.26599193686513445
362.07,361.8498589194359,0.15946066486686888,0.11072216376351468,-0.0500417480662918
363.24,361.99022551789676,0.8445058738342827,0.13112648974873498,0.2741421185202171
364.17,362.125275066329,1.6165848962582867,0.040490002484174475,0.3876500349285834
364.57,362.2537597449416,2.691924622287362,-0.05689129591676158,-0.3187930713122
365.13,362.37352577700847,2.9934571736483604,-0.06437712479881998,-0.1726058258580565
364.92,362.4850340682176,2.258289658695137,0.007628198134782884,0.16904807495245677
363.55,362.59015479522134,0.6826581690191165,0.019943000204182805,0.25724403555534536
361.38,362.6904702491249,-1.57333393027161,-0.021767543362990003,0.28463122450966694
359.54,362.7875035995016,-3.418326900057737,0.03362110042201598,0.13720220013419748
359.58,362.8810107056679,-3.3375620739945546,-0.0521771521452026,0.08872852047181823
360.89,362.97085885441794,-2.0937807153840824,-0.05190323859084675,0.06482509955696969
362.24,363.0584597377447,-0.7633955093010172,-0.03798990413253655,-0.0170743243111815
363.09,363.14747811122584,0.15963079400120858,-0.11830147868188358,-0.09880742654519281
364.03,363.2420903031453,0.8479952779214585,0.005123830768305717,-0.06520941183509876
364.51,363.344475233692,1.5946699574767866,0.10772951061728234,-0.5368747017860755
366.35,363.45616025619904,2.6926274428432277,0.14502555643087034,0.0561867445268831
366.64,363.5812562754162,2.907356737213514,0.057102710623981826,0.09428427674629347
365.59,363.7234405364251,2.2136717537980286,-0.04093647287409677,-0.3061758173490716
364.31,363.8844776233795,0.7142727451372813,-0.04916284143730908,-0.23958752707949316
362.25,364.06454901886366,-1.5570592526792577,0.01909425598606251,-0.27658402217048206
360.29,364.26326681069963,-3.4157796986031266,0.023851776505649264,-0.5813388886021471
360.82,364.4802365371635,-3.3017266558173217,-0.026672844581005918,-0.3318370367651369
362.49,364.7138950976383,-2.061894921272611,0.03688364798849306,-0.19888382435414087
364.38,364.96130142614913,-0.7277865792699522,-0.05045349711534596,0.19693865023617718
365.26,365.2183458415827,0.17727621102242164,-0.054692736881914214,-0.0809293157232105
365.98,365.48082849892836,0.8422551684192279,-0.04364014917121954,-0.2994435181763606
367.24,365.7452059630993,1.5772071850792968,-0.12248982709971609,0.040076678921138864
368.66,366.0092894944438,2.673004322800085,-0.023953543851074312,0.0016597266072153616
369.42,366.26915289818265,2.842675753310251,0.1067121931547719,0.20145915535238146
368.99,366.5205719545033,2.1932652344087384,0.14936418569731957,0.126798625390677
367.82,366.75982671512156,0.6966364945320246,0.07383749476280925,0.28969929558360263
365.95,366.98371081543644,-1.5541667176797422,-0.03846787935717162,0.5589237816004697
364.02,367.19107677060776,-3.4028042999857293,-0.05450093731915593,0.2862284666971391
364.4,367.381120088658,-3.267650115244183,0.024467775090637866,0.26206225149553575
365.52,367.55224227920223,-2.0438885475826027,0.016212096769925487,-0.004565828389615945
367.13,367.70393732438174,-0.6952955391961118,-0.034715221139095906,0.15607343595348766
368.18,367.8368441730759,0.2107451064244826,0.04506958449811196,0.0873411360014984
369.07,367.9534478807416,0.824910530687762,-0.03568740000206989,0.32732898857273085
369.68,368.05774163119065,1.5660223132282602,-0.0663724185265785,0.12260847410766473
370.99,368.1524526829464,2.6381804737308845,-0.04912249376854363,0.24848933709131416
370.96,368.2401419557997,2.813237833185071,-0.10593303488692539,0.012553245902097387
370.3,368.32291059734587,2.19410291398082,-0.028914752454808887,-0.1880987588718881
369.45,368.4019573162004,0.6626909027906385,0.10829396542326031,0.2770578155856356
366.9,368.4786203193805,-1.5652261442463289,0.15081385297773112,-0.16420802811194335
364.81,368.5532031897453,-3.365501016154322,0.08948100088128128,-0.4671831744722681
365.37,368.6277135859268,-3.2540391641931685,-0.032272367956283986,0.028597946222646442
366.72,368.70614431289,-2.0321582225584875,-0.0762339973568947,0.12224790702543942
368.1,368.7923720701069,-0.6748097964999606,0.01736801686562177,-0.03493029047257323
369.29,368.88859401773027,0.2306282396535887,-0.003578370643183826,0.17435611325936407
369.54,368.99519593736557,0.8054904153158583,-0.048072340330513906,-0.21261401235085486
370.6,369.1106869854712,1.557812212968661,0.0520864234190316,-0.12058562185887922
371.81,369.2334536375276,2.6091048271398205,-0.010725328376310655,-0.02183313629109307
371.58,369.3616923075936,2.8180061697738292,-0.08707600950744304,-0.5126224678600124
371.7,369.4936683163812,2.223007637748299,-0.04212402259814342,0.025448068468620022
369.86,369.6279572740544,0.6270743841846174,-0.07605589214087019,-0.31897576609810585
368.13,369.7624226360337,-1.598983149595696,-0.019765392939372465,-0.013674093498650564
367.0,369.89687295195563,-3.310208936089766,0.11005351496593861,0.30328246916820945
367.03,370.0326228451399,-3.259714735855099,0.14603239038627047,0.11105950032890632
368.37,370.169972736464,-2.0121829100730952,0.09356847576018625,0.11864169784888645
369.67,370.30848921928293,-0.6900802763867484,-0.012081480693117957,0.06367253779694693
370.59,370.4468871856809,0.2258771570990867,-0.0981912526531832,0.015426909873156092
371.51,370.583576241591,0.8034709950915035,0.0014608741615942387,0.12149188915589093
372.43,370.718524633441,1.5701885321605453,-0.02850767052925162,0.1697945049277223
373.37,370.8521292457131,2.6043361309357853,-0.0677944333063962,-0.018670943342499413
373.85,370.98502792406794,2.8410515746507787,0.05257289495012636,-0.02865239366883543
373.21,371.118225577926,2.26558814636472,0.013895021940235574,-0.18770874623101008
371.51,371.2531593434434,0.5701834331466727,-0.10933979917435832,-0.20400297741571194
369.61,371.3927653665771,-1.6314436271015933,-0.02228414009098651,-0.12903759938456005
368.18,371.539086897285,-3.2680451564020117,-0.041560431542857594,-0.049481309340137614
368.45,371.6927413156531,-3.2805124846917497,-0.010441760229824487,0.04821292926845899
369.76,371.85489415857785,-1.99729852837821,0.11172267175405064,-0.2093183019536582
371.24,372.02561132556866,-0.7256069024100482,0.13368765236653657,-0.1936920755251208
372.53,372.20484571519887,0.20112295373638678,0.08736008622712468,0.03667124483757789
373.2,372.3923372985303,0.8160772580909236,0.01443661995296613,-0.022851176574192777
374.12,372.5864039290801,1.5778231875791888,-0.09957043603244407,0.05534331937309389
375.02,372.78427647436524,2.6392987757929203,-0.01542969741047453,-0.38814555274768736
375.76,372.9832755881929,2.889932554964288,-0.05880241741742522,-0.05440572573974123
375.52,373.1821384458487,2.305023648519272,-0.0942131949421012,0.12705110057407865
374.01,373.38223075050536,0.5175077351325479,0.04888604694360521,0.061375467418486096
371.85,373.58587793746074,-1.6498424306299995,0.027292934186425574,-0.1133284410171882
370.75,373.7947395078446,-3.2686104507076132,-0.12017322222448017,0.3440441650874959
370.55,374.00847930111064,-3.3193332761685674,-0.0010564041198527314,-0.13808962082219978
372.25,374.225414962205,-2.0155030871255804,-0.0007299512635706375,0.04081807618416633
373.79,374.44397419936297,-0.7500162460131661,-0.0028422722704187814,0.09888431892062499
374.88,374.66260139934167,0.17437781292538831,0.10620140199411746,-0.06318061426117083
375.64,374.87853449567535,0.8301959562881005,0.11859912534046076,-0.187329577303899
376.45,375.08903954899745,1.564772152063188,0.0798218293774368,-0.2836335304380668
377.73,375.29294313295367,2.7007046847389486,0.031465423058163355,-0.2951132407507089
378.6,375.49161335927806,2.9687629008363197,-0.0800409416893731,0.2196646815750114
378.28,375.6866641073366,2.336527435270133,-0.02932977710140601,0.2861382344946719
376.7,375.87834178115054,0.4965284315317979,-0.09103256786251414,0.41616235518017675
374.38,376.06511871100236,-1.6590198906207019,-0.11841700079930736,0.09231818041763518
373.17,376.24405396620074,-3.2899649564885256,0.04349200139237418,0.17241898889540153
373.14,376.412865026361,-3.3565144470414103,0.03156277637453886,0.05208664430591625
374.66,376.5708456123564,-2.0653009176781683,-0.10888576520927962,0.26334107053105527
375.99,376.7180431844182,-0.7659940037648821,0.007944986656202356,0.03000583269050594
377.0,376.8550969419051,0.16125725144010372,0.03955842135740075,-0.055912614702606334
377.87,376.98358620966775,0.8531095851525585,-0.0011891681079587919,0.03449337328765978
378.88,377.1065270320436,1.5260929527976688,0.08106083669561165,0.16631917846314082
380.35,377.2288610466863,2.7643547404131183,0.10653425733091057,0.2502499555697
380.62,377.3558236883719,3.047923041423696,0.08251111643904198,0.13374215376535403
379.69,377.4901974429311,2.351481840547425,0.03805447797994047,-0.18973376145845577
377.47,377.63202284595087,0.5092723929313364,-0.05037388724738827,-0.62092135163482
376.01,377.781105761601,-1.6814343354750108,-0.03654694627392142,-0.05312447985210156
374.25,377.93873909325254,-3.317511831264196,-0.1220737910409847,-0.24915347094736262
374.46,378.10585324147405,-3.3726022897166135,-0.13215073826111562,-0.14110021349637236
376.16,378.2816095393308,-2.1056206104205413,0.03423088578363301,-0.050219814693889475
377.51,378.4645761531548,-0.778011037271425,0.03878088247610599,-0.215345998359453
378.46,378.65431057436155,0.18510929803706092,-0.07848834805601296,-0.30093152434261583
379.73,378.8514021362164,0.8713005112163931,0.005815072052585099,0.0014822805145513485
380.77,379.05566704385916,1.4776875353450998,0.07370759618689,0.16293782460883222
382.29,379.26493002776385,2.796239396173375,-0.0015132315920056354,0.2303438076548332
382.45,379.4755334760006,3.096825621636289,0.039060031881100285,-0.16141912951798076
382.21,379.684947653164,2.3408639175789245,0.0872373569275949,0.09695107232948885
380.74,379.89218742974646,0.5215289199308834,0.08564297631313456,0.240640674009569
378.74,380.0965158157056,-1.702986372542391,0.041603613786821765,0.3048669430500013
376.7,380.29584948056583,-3.3223935000246834,-0.01823639509781867,-0.2552195854433421
377.0,380.4881286443218,-3.3676660531161366,-0.04017720421676262,-0.08028538698891907
378.35,380.6719084651389,-2.13399989971685,-0.14864034152011765,-0.03926822390195639
380.11,380.8470668659881,-0.7980245700135127,-0.13492101436092652,0.19587871838638193
381.38,381.0146743954977,0.21802838461237598,0.019101365662925977,0.12819585422698765
382.19,381.17680627807965,0.8846837117967561,0.05636668120414669,0.07214332891942377
382.67,381.3350279785191,1.4729730953307898,-0.041573305423203845,-0.09642776842673584
384.61,381.4905034625104,2.805369306378464,-0.002030521735173794,0.31615775284632264
385.03,381.6443475471731,3.1184020576929523,0.09534920986317445,0.17190118527076947
384.05,381.79846974027515,2.3135892013461272,-0.0029155074812026085,-0.05914343414008272
382.46,381.95298997167265,0.5223611388557552,-0.00029628370291941847,-0.015054826825462442
380.41,382.10712705274966,-1.7159604002921218,0.05794237270192476,-0.039109025159405064
378.85,382.2599739573494,-3.3147597950095045,0.07955941641726551,-0.1747735787571969
379.13,382.4116655546932,-3.3620011002313794,0.050709465646800324,0.02962607989144317
380.15,382.5634495136112,-2.16741768689779,0.012979596183833552,-0.2590114228972311
381.82,382.7166657063076,-0.8293924826167847,-0.04173653706887787,-0.025536686621933313
382.89,382.8721935521753,0.24652786319310002,-0.16198421327368884,-0.06673720209471412
383.9,383.03111492931635,0.9101049225440164,-0.13205324521864728,0.09083339335825258
384.58,383.1949470816773,1.5079048458406297,0.0020423009458259496,-0.12489422846380194
386.5,383.363186919548,2.782998811950861,0.08766980233929578,0.2661444661618475
386.56,383.5319469927907,3.1243054102878833,-0.010417257250183828,-0.0858351458284119
386.1,383.69693510214114,2.2897149775001306,-0.0093799411864988,0.12272986154528098
384.5,383.8567600435296,0.5237554199053864,0.10520318914384949,0.014281347421160717
381.99,384.0112657565041,-1.73186300132965,-0.009918069357318749,-0.27948468581712405
380.96,384.1616743228677,-3.289615778400306,-0.022172991407534468,0.11011444694014472
381.12,384.31013850227305,-3.3522137476248948,0.03019342384450707,0.13188182150736338
382.45,384.45914820842444,-2.1819062174302584,0.06051041469694403,0.11224759430888298
383.95,384.6108991161209,-0.8511820532391466,0.06017919979785341,0.1301037373203826
385.52,384.76588979491294,0.28261306320187635,0.03980766368936084,0.4316894781957785
385.82,384.923155689308,0.932498727356377,-0.04312981626956306,0.007475399605198163
386.03,385.08054230453746,1.5275715555590292,-0.16083523364470984,-0.4172786264517754
387.21,385.23586320396396,2.7058718766928957,-0.13698185301300622,-0.594753227643821
388.54,385.3884443012648,3.1179607927598902,-0.01122802168170464,0.04482292765698048
387.76,385.5387573569898,2.266717462211418,0.12299399148010422,-0.16846881068130415
386.36,385.68754288821793,0.5403992387841897,0.007164037318503916,0.12489383567941559
384.09,385.83666011935003,-1.756484444828329,-0.013207185610079495,0.023031511088390744
383.18,385.98857126338646,-3.2373828419338526,0.10089879342347867,0.3279127851239423
382.99,386.14461452843375,-3.336496237671643,-0.019854044535202613,0.20173575377310726
384.19,386.3045673947095,-2.1634437916055593,-0.030466765815994636,0.07934316271206399
385.56,386.46626164099683,-0.8609214774118246,0.013666859946800855,-0.059007023531819414
386.94,386.62643469595645,0.3153069311439781,0.03533622528995615,-0.037077852390382304
387.48,386.78180854002295,0.9486458098630273,0.06956769237934786,-0.3200220422652933
388.82,386.93201799151876,1.5285992012727678,0.06699115562722449,0.2923916515812266
389.55,387.08162657994194,2.621603142271789,-0.04318396855642648,-0.11004575365728897
390.14,387.2367904720182,3.123082099564942,-0.147100783708386,-0.07277178787478533
389.48,387.40165746121073,2.2314128392133017,-0.141843035307975,-0.01122726511601968
388.03,387.5782602800957,0.5454213904178279,-0.01928559258489352,-0.07439607792866809
386.11,387.76606964677234,-1.7731814259434144,0.14201161764456813,-0.024899838473515956
384.74,387.96227427591447,-3.1954576397625374,0.018831725903685134,-0.04564836205560141
384.43,388.16296014572583,-3.341481255947223,-0.025592868383689064,-0.3658860213949424
386.02,388.36420849766625,-2.1253611033712283,0.08331092135931012,-0.302158315654367
387.42,388.56418211416485,-0.8648781499317366,-0.032877218710017427,-0.24642674552308108
388.71,388.76291997770636,0.31502260119147746,-0.03412900838038223,-0.33381357051746363
390.2,388.9610524263939,0.9487729755048281,0.003269852259947713,0.2869047458412979
391.17,389.1596735122568,1.5506096209376088,-2.276650329794891e-05,0.45973963330891365
392.46,389.35787544005586,2.5719810390955153,0.07833288811162574,0.4518106327369651
393.0,389.5535753454864,3.149715497068368,0.09582587752784345,0.20088327991737742
392.15,389.7427829674202,2.2135067238741013,-0.0281909007291616,0.2219012094348045
390.2,389.92172115118626,0.5467992816609271,-0.1146939799365684,-0.15382645291060726
388.35,390.08851074768455,-1.7588505235771912,-0.11059219433371106,0.1309319702263565
386.85,390.2434885452311,-3.20426614634971,-0.016844329841530694,-0.1723780690398371
387.24,390.3885447868794,-3.36935832768102,0.1117324221983047,0.10908111860334202
388.67,390.52827318213014,-2.097526892389595,0.015627819313626688,0.22362589094581153
389.79,390.6675470543354,-0.8570871071223252,-0.042525217592855456,0.02206527037981232
391.33,390.8100556065779,0.2813461871208843,0.06391615145563871,0.1746820548455048
391.86,390.95836048959194,0.9019947481885496,-0.05170674055958483,0.051351502779141356
392.6,391.1124915712163,1.5858487637204188,-0.018700650322098326,-0.07963968461461945
393.25,391.27047498540685,2.600607251636496,-0.006253259163427465,-0.6148289778799381
394.19,391.42940375512813,3.2001644443494315,-0.05109714102786056,-0.38847105844968155
393.73,391.58887822347475,2.2314878890180023,0.08296039086936577,-0.173326503362091
392.51,391.7495913190504,0.53404924763042,0.0877682651217893,0.13859116819736528
390.13,391.9129883438996,-1.747442648302679,0.01903240198402858,-0.05457809758092935
389.08,392.08077887372036,-3.2778994202612157,-0.04748370633749818,0.32460425287837325
389.0,392.2548420941891,-3.385406472335014,-0.06477426460473272,0.19533864275069845
390.28,392.4354367173181,-2.0766829585223356,-0.01526591982258168,-0.06348783897323074
391.86,392.62100315579676,-0.8276679731435458,0.07590461892097838,-0.009239801574153717
393.12,392.8103223505132,0.24232383211102063,0.0052549083697325085,0.06209890900601067
393.86,393.00161814640666,0.8316521040137347,-0.05709290022369422,0.08382264980332366
394.4,393.19362684320663,1.5884466048020205,0.049551984329385984,-0.4316254323380804
396.18,393.3874174803193,2.6947172915150106,-0.06937401417333673,0.1672392423390079
396.74,393.58531709743113,3.262756990495028,-0.0019683632218330397,-0.10610572470432089
395.71,393.78804163508426,2.2615695249744467,-0.041090726940422345,-0.29852043311831267
394.36,393.99606631046424,0.5064373856009694,-0.10520243242083281,-0.03730126364439457
392.39,394.2093117002045,-1.7843036627479945,0.0831895207591763,-0.11819755821568378
391.11,394.4280524129433,-3.3837512409394113,0.08018020901264473,-0.014481381016537398
391.05,394.6517647512641,-3.3844002764327232,0.06559664001764515,-0.2829611148490585
392.98,394.8790110092981,-2.04694952347764,0.026552401448694158,0.12138611273087463
394.34,395.1077234453274,-0.7760303115061096,-0.015697423570434105,0.02400428974914348
395.55,395.3350909400299,0.226215802092291,-0.01186627285686513,0.000559530734733471
396.8,395.5586049773508,0.7780492912927457,0.041877372583040536,0.42146835877343847
397.43,395.77599807876516,1.546318446617965,-0.005929882992510439,0.11361335760938118
398.41,395.98533686546506,2.810919774077245,-0.06992461623593645,-0.3163320233063587
399.78,396.1864320422313,3.330615490327734,0.03520119970435013,0.2277512677366076
398.61,396.38142376157555,2.2885724530978115,-0.0845680018145254,0.024571787141212553
397.32,396.57283949244146,0.46260511436680213,0.015889705818659654,0.2686656873730726
395.2,396.76279751510646,-1.8521945242306874,-0.07996803532023543,0.3693650444444643
393.45,396.95176041597773,-3.4804111700618385,-0.16038192714559926,0.13903268122965073
393.7,397.13930402740374,-3.3791160249031167,0.08152036117491142,-0.14170836367554784
395.16,397.32479925776244,-2.006579984353923,0.06897842926319656,-0.22719770267167405
396.84,397.5081003627739,-0.7380884906565285,0.11030089114612153,-0.04031276326350053
397.85,397.6892482376875,0.24438067044129094,0.10213673344741026,-0.18576564157615394
398.01,397.8677433391427,0.7621734224871677,0.03424166922914201,-0.6541584308590132
399.77,398.04231571758794,1.5262823637046017,-0.006367242978981536,0.20776916168642856
401.38,398.2128644781239,2.86974905613804,0.007826172091111949,0.28956029364695723
401.78,398.3814390697677,3.3761745382340247,-0.01871116932633393,0.04109756132459097
401.25,398.55024698565524,2.3120861422108674,-0.08120037360920598,0.4688672457430698
399.1,398.72112822458587,0.39590148127560637,0.021336154740948722,-0.038365860602368684
397.03,398.8936142867138,-1.8929146014920928,-0.09896347483989192,0.12826378961813134
395.38,399.0664260390224,-3.5385370412340817,0.03551569313105252,-0.18340469091941713
396.03,399.23817370706246,-3.3745147664084056,-0.11692517009115763,0.28326622943711754
397.28,399.4087460331688,-1.9773793211120172,-0.21604811388705286,0.06468140183022797
398.91,399.57943475006385,-0.6978179912567639,0.079577176791763,-0.051193935598803364
399.98,399.7525645206095,0.26727819339708586,0.053326584234384924,-0.09316929824097997
400.28,399.9323605787217,0.7359742083975982,0.15510746453099136,-0.5434422516503332
401.54,400.12319302790934,1.5109246409147872,0.17766290965494683,-0.27178057847902437
403.28,400.3278003191762,2.891912141113247,0.08445703624227754,-0.024169496531783352
403.96,400.5477090153714,3.415800386083765,0.0008727758705996333,-0.004382177325851444
402.8,400.7847900997059,2.340026192938314,-0.02842067196949845,-0.29639562067467295
401.31,401.03814696571015,0.3357927852283686,-0.03388316005258037,-0.03005659088591983
398.93,401.30592674811345,-1.922533100893023,-0.09081161060244226,-0.3625820366179937
397.63,401.5841393075197,-3.5945500778269963,0.008152114115732793,-0.3677413438084045
398.29,401.86828354122815,-3.3669154178497886,-0.11369708376709123,-0.09767103961127077
400.16,402.1539688943324,-1.9491249741244006,0.05662047801012956,-0.10146439821812692
401.85,402.4384110029525,-0.6568042626980629,-0.1512362942938916,0.2196295540394999
402.56,402.72039281827927,0.2897268472419777,-0.2722180090804429,-0.17790165644078115
404.12,402.9988346286935,0.7090508123112969,0.07838999972809765,0.3337245592671252
404.87,403.2744496724652,1.496434086373036,0.034237247878594175,0.06487899328317326
407.45,403.5470693378858,2.915518112416881,0.2014900957393661,0.7859224539579941
407.72,403.81461208323304,3.454256243103019,0.2529963442804839,0.19813532938349
406.83,404.07341566058506,2.36836730211107,0.13621885777521542,0.25199817952864123
404.41,404.32007675059526,0.2726020564842266,0.009126353357242541,-0.19180516043672924
402.27,404.5517293137226,-1.9569726336469466,-0.06862357917283146,-0.2561331009028436
401.05,404.768578421899,-3.651716345044885,-0.05197345622055524,-0.014888620633598748
401.59,404.97337230455355,-3.358108813862402,-0.09935309626450577,0.07408960557336286
403.55,405.1692125264073,-1.9194251789026544,-0.0039516098701629565,0.30416426236553207
404.45,405.35865623177943,-0.6166739387004954,-0.1296283033315361,-0.1623539897474302
406.17,405.5433969308008,0.31464431157502964,0.07919696216671934,0.23276179545746345
406.46,405.72614488362046,0.6907119251972871,-0.18419765632130017,0.22734084750356942
407.22,405.9082695054731,1.482350832680849,-0.3290439531525982,0.15842361499875324
409.04,406.08954903120326,2.936964831428819,0.07830401956380798,-0.06481788219588225
409.69,406.26683421578343,3.488635378897919,0.012874473415073851,-0.07834406809644179
408.88,406.436768812334,2.3942985089525957,0.2507367409879946,-0.2018040622745616
407.12,406.5983728696414,0.20587268667000996,0.32857260043570885,-0.012818156747187004
405.13,406.7538092355868,-1.9928379651513997,0.19063666090346457,0.17839206866113955
403.37,406.9066649623071,-3.7044687734003623,0.01782662574072788,0.14997718535255444
403.63,407.05913464204525,-3.3489370460991656,-0.11321876604501556,0.03302117009889116
405.12,407.21511839950665,-1.8878763178223852,-0.07329214284699154,-0.13394993883730422
406.81,407.3723709230819,-0.5786714828521939,-0.1067781258916986,0.12307868566199431
407.96,407.53001194611977,0.3448401157665754,-0.01409706479029805,0.09924500290389915
408.32,407.6876519541631,0.6822185246894968,-0.1470122174340106,0.0971417385813993
409.41,407.84506862232644,1.4684569635974734,0.103332122577805,-0.006857708501684101
410.24,408.0021304505153,2.9470131990941972,-0.21788189244798237,-0.49126175716156695
411.24,408.1588154847782,3.5167983559048817,-0.3863371402325295,-0.049276700450548105
410.79,408.31526863842845,2.4159794141936604,0.07883692676816784,-0.020084979390276203
408.71,408.47166928035733,0.13806900991510035,-0.009784339061428603,0.11004604878894497
406.99,408.6281763489708,-2.025016384663461,0.3023599124606755,0.08448012323196963
405.51,408.7848888751246,-3.7497893841741208,0.4045915756196699,0.07030893342982836
